{
  "employees" : [ {
    "employee_id" : 1,
    "name" : "Ganesh",
    "age" : 25,
    "gender" : "Male",
    "department" : "Marketing"
  }, {
    "employee_id" : 3,
    "name" : "Tapas",
    "age" : 20,
    "gender" : "Male",
    "department" : "Engineering"
  }, {
    "employee_id" : 5,
    "name" : "Shweta",
    "age" : 22,
    "gender" : "Female",
    "department" : "Medical"
  }, {
    "employee_id" : 7,
    "name" : "Supriya ",
    "age" : 23,
    "gender" : "Female",
    "department" : "IT"
  }, {
    "employee_id" : 11,
    "name" : "Ashish",
    "age" : 26,
    "gender" : "Male",
    "department" : "Engineering"
  } ]
}